concept_id,english_candidate_id,english_normalized_term,gold_chinese_term,accepted_chinese_aliases,chinese_source_id,gold_term_in_source,gold_term_in_parsed_text,gold_term_in_chunk,retrieved_chunk_ids,gold_bearing_chunk_retrieval_rank,generated_chinese_candidate_ids,generated_candidate_source_ids,generated_candidate_chunk_ids,generated_candidate_summaries,candidate_confidences,exact_candidate_rank,alias_candidate_rank,selected_chinese_candidate,bilingual_pair_status,evidence_readiness_status,earliest_failure_stage,primary_attribution,secondary_observations,included_in_denominator
physics-01,1798d57364bd48318981f93b7d394e1d,displacement,位移,[],chinese-mechanics,True,True,True,"[""94c97257-55f3-495e-a576-3791b61d8ccb""]",1,"[""fcc8db09be88c937c8a90e8a""]","[""beba57f0-d986-4418-a0a6-e3146f5a8af1""]","[""94c97257-55f3-495e-a576-3791b61d8ccb""]","[""位移是从初位置指向末位置的位置变化量""]",[0.81],,,位移是从初位置指向末位置的位置变化量,incorrect,evidence_insufficient,chinese_candidate_boundary,CHINESE_CANDIDATE_BOUNDARY_DEFECT,"[""definition_predicate_or_explanation_in_candidate"",""evidence_retrieval_can_succeed_for_wrong_boundary_candidate""]",True
physics-02,a67733995f4b4fa0a0fc0663cd0be2bf,velocity,速度,[],chinese-mechanics,True,True,True,"[""bcbd9280-1c14-4cab-807c-f186acb3999c"",""62b83b11-4048-4827-bea1-3c3f4518ea1e"",""b8cc85b2-e92a-4c00-93a3-0214db622642""]",2,"[""a5eac44b249a6982aca3d14f"",""33ad6421620b8d3ce6fbc6cb""]","[""beba57f0-d986-4418-a0a6-e3146f5a8af1"",""beba57f0-d986-4418-a0a6-e3146f5a8af1""]","[""62b83b11-4048-4827-bea1-3c3f4518ea1e"",""b8cc85b2-e92a-4c00-93a3-0214db622642""]","[""角速度是角位置随时间变化的率"",""速度描述位移随时间变化的快慢和方向""]","[0.81,0.81]",,,速度描述位移随时间变化的快慢和方向,incorrect,evidence_insufficient,chinese_candidate_boundary,CHINESE_CANDIDATE_BOUNDARY_DEFECT,"[""definition_predicate_or_explanation_in_candidate"",""multiple_equal_score_candidates"",""evidence_retrieval_can_succeed_for_wrong_boundary_candidate""]",True
physics-03,d23bbb21cd93411297c8c4b4c8ea4017,acceleration,加速度,[],chinese-mechanics,True,True,True,"[""f0f7433d-879b-4c40-9a64-ecfb9bf72c78""]",1,"[""93e5f9839e7252812b1e2cd5""]","[""beba57f0-d986-4418-a0a6-e3146f5a8af1""]","[""f0f7433d-879b-4c40-9a64-ecfb9bf72c78""]","[""加速度是速度随时间变化的率""]",[0.81],,,加速度是速度随时间变化的率,incorrect,evidence_insufficient,chinese_candidate_boundary,CHINESE_CANDIDATE_BOUNDARY_DEFECT,"[""definition_predicate_or_explanation_in_candidate"",""evidence_retrieval_can_succeed_for_wrong_boundary_candidate""]",True
physics-04,20e2a18ecd584a359c266cb4779ac2db,force,力,[],chinese-mechanics,True,True,True,"[""7c6c87eb-0cb8-47a0-8f59-7cb5e2af5c8e"",""f8271e83-beae-4981-af0a-e1dd2a59c999""]",1,"[""1345ef69f3d68e5db7ec4d7d"",""fd614f6689ddffbed3c0afb9""]","[""beba57f0-d986-4418-a0a6-e3146f5a8af1"",""beba57f0-d986-4418-a0a6-e3146f5a8af1""]","[""7c6c87eb-0cb8-47a0-8f59-7cb5e2af5c8e"",""f8271e83-beae-4981-af0a-e1dd2a59c999""]","[""向心力是维持圆周运动所需的指向圆心的合力"",""力是能够改变物体运动状态的相互作用""]","[0.81,0.81]",,,向心力是维持圆周运动所需的指向圆心的合力,incorrect,evidence_insufficient,chinese_candidate_boundary,CHINESE_CANDIDATE_BOUNDARY_DEFECT,"[""definition_predicate_or_explanation_in_candidate"",""multiple_equal_score_candidates"",""evidence_retrieval_can_succeed_for_wrong_boundary_candidate""]",True
physics-05,ed6788c08b3d4163ab9ed98e794a7272,mass,质量,[],chinese-mechanics,True,True,True,"[""62da353f-d6af-49d5-b2ba-acd0ca3b8553""]",1,"[""cb1fd83539873bff0a527526""]","[""beba57f0-d986-4418-a0a6-e3146f5a8af1""]","[""62da353f-d6af-49d5-b2ba-acd0ca3b8553""]","[""质量表示物体所含物质多少""]",[0.81],,,质量表示物体所含物质多少,incorrect,evidence_insufficient,chinese_candidate_boundary,CHINESE_CANDIDATE_BOUNDARY_DEFECT,"[""definition_predicate_or_explanation_in_candidate"",""evidence_retrieval_can_succeed_for_wrong_boundary_candidate""]",True
physics-06,5bde5405e2974890bf1761868d9a443b,inertia,惯性,[],chinese-mechanics,True,True,True,"[""bef44bb4-634f-488b-a39c-9ba11b54bd56""]",1,"[""95b1eb3a9571fd2ae798431a""]","[""beba57f0-d986-4418-a0a6-e3146f5a8af1""]","[""bef44bb4-634f-488b-a39c-9ba11b54bd56""]","[""惯性是物体保持原有运动状态的性质""]",[0.81],,,惯性是物体保持原有运动状态的性质,incorrect,evidence_insufficient,chinese_candidate_boundary,CHINESE_CANDIDATE_BOUNDARY_DEFECT,"[""definition_predicate_or_explanation_in_candidate"",""evidence_retrieval_can_succeed_for_wrong_boundary_candidate""]",True
physics-07,0eb4b09b9e674383b7e06171f809a4c9,momentum,动量,[],chinese-mechanics,True,True,True,"[""bcbd9280-1c14-4cab-807c-f186acb3999c"",""d825824f-49f7-4368-90b4-09b60005b9ff"",""81913ef7-de44-4a44-9786-96c3d5230057"",""3c4bd66f-66fa-49c9-973a-b7f7cd80aa8a""]",2,"[""e85551db8a3d941b01d550c1"",""f567b0cb70dc43ccd022e25b"",""6d2b00dbbcdb9392eeca80b6""]","[""beba57f0-d986-4418-a0a6-e3146f5a8af1"",""beba57f0-d986-4418-a0a6-e3146f5a8af1"",""beba57f0-d986-4418-a0a6-e3146f5a8af1""]","[""d825824f-49f7-4368-90b4-09b60005b9ff"",""81913ef7-de44-4a44-9786-96c3d5230057"",""3c4bd66f-66fa-49c9-973a-b7f7cd80aa8a""]","[""角动量描述转动运动"",""动量守恒定律说明孤立系统总动量保持不变"",""动量是物体质量与速度的乘积""]","[0.81,0.81,0.81]",,,动量是物体质量与速度的乘积,incorrect,evidence_insufficient,chinese_candidate_boundary,CHINESE_CANDIDATE_BOUNDARY_DEFECT,"[""definition_predicate_or_explanation_in_candidate"",""multiple_equal_score_candidates"",""evidence_retrieval_can_succeed_for_wrong_boundary_candidate""]",True
physics-08,dd4515d36bd44ed2afc59836d0ba2518,impulse,冲量,[],chinese-mechanics,True,True,True,"[""bcbd9280-1c14-4cab-807c-f186acb3999c"",""a9340902-8170-4dde-8be4-c581dfcfbadf""]",2,"[""4d01e81a15145591035bf315""]","[""beba57f0-d986-4418-a0a6-e3146f5a8af1""]","[""a9340902-8170-4dde-8be4-c581dfcfbadf""]","[""冲量是力与作用时间间隔的乘积""]",[0.81],,,冲量是力与作用时间间隔的乘积,incorrect,evidence_insufficient,chinese_candidate_boundary,CHINESE_CANDIDATE_BOUNDARY_DEFECT,"[""definition_predicate_or_explanation_in_candidate"",""evidence_retrieval_can_succeed_for_wrong_boundary_candidate""]",True
physics-09,afcb0beeb3f64a38b3572b1ed00976d3,kinetic energy,动能,[],chinese-mechanics,True,True,True,"[""73d1177f-babc-4b37-94b8-23ca4389717d"",""bcbd9280-1c14-4cab-807c-f186acb3999c"",""6b9f498e-9302-4b4c-b532-8fd3ccfe8716"",""d1aefbcb-1bfe-429a-9897-0ff525d7dc7c"",""4731a2f5-8d7e-4a4c-827d-9cbe19e51a2c""]",1,"[""18232cb2bb88a63d62a54044""]","[""beba57f0-d986-4418-a0a6-e3146f5a8af1""]","[""73d1177f-babc-4b37-94b8-23ca4389717d""]","[""动能是物体由于运动而具有的能量""]",[0.81],,,动能是物体由于运动而具有的能量,incorrect,evidence_insufficient,chinese_candidate_boundary,CHINESE_CANDIDATE_BOUNDARY_DEFECT,"[""definition_predicate_or_explanation_in_candidate"",""evidence_retrieval_can_succeed_for_wrong_boundary_candidate""]",True
physics-10,036c261532eb4e54a62dca20ddedf875,gravitational potential energy,重力势能,[],chinese-mechanics,True,True,True,"[""4731a2f5-8d7e-4a4c-827d-9cbe19e51a2c"",""bfb5c14d-ced3-4856-bd77-6c313c381fb9"",""651339ac-5afe-4e4e-b27d-dbe9cb749562"",""6092d509-0d73-4805-a22a-e293255797cd"",""bcbd9280-1c14-4cab-807c-f186acb3999c"",""6b9f498e-9302-4b4c-b532-8fd3ccfe8716"",""d1aefbcb-1bfe-429a-9897-0ff525d7dc7c"",""73d1177f-babc-4b37-94b8-23ca4389717d""]",1,"[""2d39550a285af22d7b5fa912""]","[""beba57f0-d986-4418-a0a6-e3146f5a8af1""]","[""4731a2f5-8d7e-4a4c-827d-9cbe19e51a2c""]","[""重力势能是物体因高度和重力场而具有的势能""]",[0.81],,,重力势能是物体因高度和重力场而具有的势能,incorrect,evidence_insufficient,chinese_candidate_boundary,CHINESE_CANDIDATE_BOUNDARY_DEFECT,"[""definition_predicate_or_explanation_in_candidate"",""evidence_retrieval_can_succeed_for_wrong_boundary_candidate""]",True
physics-11,9b5396869ac04dd3943bea58f4342227,work,功,[],chinese-mechanics,True,True,True,"[""bcbd9280-1c14-4cab-807c-f186acb3999c"",""0e9370bd-17bc-4540-b1fb-be41c1ca86b0""]",2,"[""c76a7b0a58544feecc7295fe""]","[""beba57f0-d986-4418-a0a6-e3146f5a8af1""]","[""0e9370bd-17bc-4540-b1fb-be41c1ca86b0""]","[""功是力在位移方向上转移能量的量""]",[0.81],,,功是力在位移方向上转移能量的量,incorrect,evidence_insufficient,chinese_candidate_boundary,CHINESE_CANDIDATE_BOUNDARY_DEFECT,"[""definition_predicate_or_explanation_in_candidate"",""evidence_retrieval_can_succeed_for_wrong_boundary_candidate""]",True
physics-12,c7387b4285f1478ea2862f4156a957b0,power,功率,[],chinese-mechanics,True,True,True,"[""fd3034c5-f47d-4e1d-9eaf-ba089d19f878""]",1,"[""e26e502b979166607a50dfbc""]","[""beba57f0-d986-4418-a0a6-e3146f5a8af1""]","[""fd3034c5-f47d-4e1d-9eaf-ba089d19f878""]","[""功率是做功或能量转移的快慢""]",[0.81],,,功率是做功或能量转移的快慢,incorrect,evidence_insufficient,chinese_candidate_boundary,CHINESE_CANDIDATE_BOUNDARY_DEFECT,"[""definition_predicate_or_explanation_in_candidate"",""evidence_retrieval_can_succeed_for_wrong_boundary_candidate""]",True
physics-13,e34d8e7cd08b446488a83041be10a5dc,mechanical energy,机械能,[],chinese-mechanics,True,True,True,"[""6b9f498e-9302-4b4c-b532-8fd3ccfe8716"",""d1aefbcb-1bfe-429a-9897-0ff525d7dc7c"",""bcbd9280-1c14-4cab-807c-f186acb3999c"",""4731a2f5-8d7e-4a4c-827d-9cbe19e51a2c"",""73d1177f-babc-4b37-94b8-23ca4389717d""]",1,"[""3f7b10f06a215eaa81987051"",""ccadb416db21cad2363b22b4""]","[""beba57f0-d986-4418-a0a6-e3146f5a8af1"",""beba57f0-d986-4418-a0a6-e3146f5a8af1""]","[""6b9f498e-9302-4b4c-b532-8fd3ccfe8716"",""d1aefbcb-1bfe-429a-9897-0ff525d7dc7c""]","[""机械能守恒定律适用于只有保守力做功的情形"",""机械能是动能和势能的总和""]","[0.81,0.81]",,,机械能守恒定律适用于只有保守力做功的情形,incorrect,evidence_insufficient,chinese_candidate_boundary,CHINESE_CANDIDATE_BOUNDARY_DEFECT,"[""definition_predicate_or_explanation_in_candidate"",""multiple_equal_score_candidates"",""evidence_retrieval_can_succeed_for_wrong_boundary_candidate""]",True
physics-14,c7135750740e4002bbfe8a99c770e851,conservation of momentum,动量守恒定律,[],chinese-mechanics,True,True,True,"[""81913ef7-de44-4a44-9786-96c3d5230057"",""6b9f498e-9302-4b4c-b532-8fd3ccfe8716"",""bcbd9280-1c14-4cab-807c-f186acb3999c"",""d825824f-49f7-4368-90b4-09b60005b9ff"",""3c4bd66f-66fa-49c9-973a-b7f7cd80aa8a""]",1,"[""626e461bc37cdb1cf78ec802""]","[""beba57f0-d986-4418-a0a6-e3146f5a8af1""]","[""81913ef7-de44-4a44-9786-96c3d5230057""]","[""动量守恒定律说明孤立系统总动量保持不变""]",[0.81],,,动量守恒定律说明孤立系统总动量保持不变,incorrect,evidence_insufficient,chinese_candidate_boundary,CHINESE_CANDIDATE_BOUNDARY_DEFECT,"[""definition_predicate_or_explanation_in_candidate"",""evidence_retrieval_can_succeed_for_wrong_boundary_candidate""]",True
physics-15,3ceb0673d78d4982a579b7d086cb4ddb,conservation of mechanical energy,机械能守恒定律,[],chinese-mechanics,True,True,True,"[""6b9f498e-9302-4b4c-b532-8fd3ccfe8716"",""81913ef7-de44-4a44-9786-96c3d5230057"",""d1aefbcb-1bfe-429a-9897-0ff525d7dc7c"",""bcbd9280-1c14-4cab-807c-f186acb3999c"",""4731a2f5-8d7e-4a4c-827d-9cbe19e51a2c"",""73d1177f-babc-4b37-94b8-23ca4389717d""]",1,"[""b6d8384480e8ad8146c460b8""]","[""beba57f0-d986-4418-a0a6-e3146f5a8af1""]","[""6b9f498e-9302-4b4c-b532-8fd3ccfe8716""]","[""机械能守恒定律适用于只有保守力做功的情形""]",[0.81],,,机械能守恒定律适用于只有保守力做功的情形,incorrect,evidence_insufficient,chinese_candidate_boundary,CHINESE_CANDIDATE_BOUNDARY_DEFECT,"[""definition_predicate_or_explanation_in_candidate"",""evidence_retrieval_can_succeed_for_wrong_boundary_candidate""]",True
physics-16,062349091ab749bab7306dfca7e01530,uniform circular motion,匀速圆周运动,[],chinese-mechanics,True,True,True,"[""fc60fffc-9cf2-4be9-af96-25e9fce4497c""]",1,"[""53b2262cd53f9d97c75a9201""]","[""beba57f0-d986-4418-a0a6-e3146f5a8af1""]","[""fc60fffc-9cf2-4be9-af96-25e9fce4497c""]","[""匀速圆周运动是在圆周上速率不变但速度方向不断改变的运动""]",[0.81],,,匀速圆周运动是在圆周上速率不变但速度方向不断改变的运动,incorrect,evidence_insufficient,chinese_candidate_boundary,CHINESE_CANDIDATE_BOUNDARY_DEFECT,"[""definition_predicate_or_explanation_in_candidate"",""evidence_retrieval_can_succeed_for_wrong_boundary_candidate""]",True
physics-17,f12ecac251624041bf298ae49006cc60,centripetal force,向心力,[],chinese-mechanics,True,True,True,"[""7c6c87eb-0cb8-47a0-8f59-7cb5e2af5c8e"",""f8271e83-beae-4981-af0a-e1dd2a59c999""]",1,"[""777eaa14d78c7866896fca1a""]","[""beba57f0-d986-4418-a0a6-e3146f5a8af1""]","[""7c6c87eb-0cb8-47a0-8f59-7cb5e2af5c8e""]","[""向心力是维持圆周运动所需的指向圆心的合力""]",[0.81],,,向心力是维持圆周运动所需的指向圆心的合力,incorrect,evidence_insufficient,chinese_candidate_boundary,CHINESE_CANDIDATE_BOUNDARY_DEFECT,"[""definition_predicate_or_explanation_in_candidate"",""evidence_retrieval_can_succeed_for_wrong_boundary_candidate""]",True
physics-18,808a847c364b4f918d4b4c4cd7229efb,angular velocity,角速度,[],chinese-mechanics,True,True,True,"[""62b83b11-4048-4827-bea1-3c3f4518ea1e"",""bcbd9280-1c14-4cab-807c-f186acb3999c"",""d825824f-49f7-4368-90b4-09b60005b9ff"",""b8cc85b2-e92a-4c00-93a3-0214db622642""]",1,"[""2881a0442120266daf454871""]","[""beba57f0-d986-4418-a0a6-e3146f5a8af1""]","[""62b83b11-4048-4827-bea1-3c3f4518ea1e""]","[""角速度是角位置随时间变化的率""]",[0.81],,,角速度是角位置随时间变化的率,incorrect,evidence_insufficient,chinese_candidate_boundary,CHINESE_CANDIDATE_BOUNDARY_DEFECT,"[""definition_predicate_or_explanation_in_candidate"",""evidence_retrieval_can_succeed_for_wrong_boundary_candidate""]",True
physics-19,730b8a11b2ed4aef873ee92b9e386732,angular momentum,角动量,[],chinese-mechanics,True,True,True,"[""bcbd9280-1c14-4cab-807c-f186acb3999c"",""d825824f-49f7-4368-90b4-09b60005b9ff"",""62b83b11-4048-4827-bea1-3c3f4518ea1e"",""81913ef7-de44-4a44-9786-96c3d5230057"",""3c4bd66f-66fa-49c9-973a-b7f7cd80aa8a""]",2,"[""88980240bd8be9bca118fbe3""]","[""beba57f0-d986-4418-a0a6-e3146f5a8af1""]","[""d825824f-49f7-4368-90b4-09b60005b9ff""]","[""角动量描述转动运动""]",[0.81],,,角动量描述转动运动,incorrect,evidence_insufficient,chinese_candidate_boundary,CHINESE_CANDIDATE_BOUNDARY_DEFECT,"[""definition_predicate_or_explanation_in_candidate"",""evidence_retrieval_can_succeed_for_wrong_boundary_candidate""]",True
physics-20,604e1e36182d4b1090578637a467529d,torque,力矩,[],chinese-mechanics,True,True,True,"[""bcbd9280-1c14-4cab-807c-f186acb3999c"",""dd9b9e6f-c9ec-405b-8e84-f45a2007c549""]",2,"[""b1e8715b1e59ad5dd953eff5""]","[""beba57f0-d986-4418-a0a6-e3146f5a8af1""]","[""dd9b9e6f-c9ec-405b-8e84-f45a2007c549""]","[""力矩是力使物体绕轴转动的效应""]",[0.81],,,力矩是力使物体绕轴转动的效应,incorrect,evidence_insufficient,chinese_candidate_boundary,CHINESE_CANDIDATE_BOUNDARY_DEFECT,"[""definition_predicate_or_explanation_in_candidate"",""evidence_retrieval_can_succeed_for_wrong_boundary_candidate""]",True
physics-21,8244f55cad9e4c57a8269d2b18f09c54,electric charge,电荷,[],chinese-electricity,True,True,True,"[""bfb5c14d-ced3-4856-bd77-6c313c381fb9"",""9ba23379-bd38-4d2f-8702-f5ebc38e818c"",""6092d509-0d73-4805-a22a-e293255797cd"",""e17610d1-e55b-40fd-b032-aa0a72dbaf9b"",""9fa724d9-67c6-4ed0-b298-b5f28c1b519d""]",2,"[""a76c83aa473dbd1fe8e8df7a""]","[""316e66bb-29a8-42d1-a4d5-1a6c541e2291""]","[""9ba23379-bd38-4d2f-8702-f5ebc38e818c""]","[""电荷是物质产生电相互作用的属性""]",[0.81],,,电荷是物质产生电相互作用的属性,incorrect,prepared,chinese_candidate_boundary,CHINESE_CANDIDATE_BOUNDARY_DEFECT,"[""definition_predicate_or_explanation_in_candidate"",""evidence_retrieval_can_succeed_for_wrong_boundary_candidate""]",True
physics-22,91b872069ca04560b3714f6ea0ec0271,electric field,电场,[],chinese-electricity,True,True,True,"[""bfb5c14d-ced3-4856-bd77-6c313c381fb9"",""e17610d1-e55b-40fd-b032-aa0a72dbaf9b"",""6092d509-0d73-4805-a22a-e293255797cd"",""9ba23379-bd38-4d2f-8702-f5ebc38e818c"",""9fa724d9-67c6-4ed0-b298-b5f28c1b519d""]",2,"[""addea66ecc2abad470429083""]","[""316e66bb-29a8-42d1-a4d5-1a6c541e2291""]","[""e17610d1-e55b-40fd-b032-aa0a72dbaf9b""]","[""电场表示单位正试探电荷在某点受到的力""]",[0.81],,,电场表示单位正试探电荷在某点受到的力,incorrect,prepared,chinese_candidate_boundary,CHINESE_CANDIDATE_BOUNDARY_DEFECT,"[""definition_predicate_or_explanation_in_candidate"",""evidence_retrieval_can_succeed_for_wrong_boundary_candidate""]",True
physics-23,e17a7b2c11ad43baad2d897ec762e206,electric potential,电势,[],chinese-electricity,True,True,True,"[""bfb5c14d-ced3-4856-bd77-6c313c381fb9"",""6092d509-0d73-4805-a22a-e293255797cd"",""651339ac-5afe-4e4e-b27d-dbe9cb749562"",""e17610d1-e55b-40fd-b032-aa0a72dbaf9b"",""9ba23379-bd38-4d2f-8702-f5ebc38e818c"",""9fa724d9-67c6-4ed0-b298-b5f28c1b519d"",""4731a2f5-8d7e-4a4c-827d-9cbe19e51a2c""]",2,"[""90aa4fa634c2c3e1b5a70c54""]","[""316e66bb-29a8-42d1-a4d5-1a6c541e2291""]","[""6092d509-0d73-4805-a22a-e293255797cd""]","[""电势是单位电荷在某点具有的电势能""]",[0.81],,,电势是单位电荷在某点具有的电势能,incorrect,prepared,chinese_candidate_boundary,CHINESE_CANDIDATE_BOUNDARY_DEFECT,"[""definition_predicate_or_explanation_in_candidate"",""evidence_retrieval_can_succeed_for_wrong_boundary_candidate""]",True
physics-24,a00a176864f24539865e54c68220860e,potential difference,电势差,[],chinese-electricity,True,True,True,"[""bfb5c14d-ced3-4856-bd77-6c313c381fb9"",""651339ac-5afe-4e4e-b27d-dbe9cb749562"",""6092d509-0d73-4805-a22a-e293255797cd"",""4731a2f5-8d7e-4a4c-827d-9cbe19e51a2c""]",2,"[""4934b7d2e9635339c6fad52a""]","[""316e66bb-29a8-42d1-a4d5-1a6c541e2291""]","[""651339ac-5afe-4e4e-b27d-dbe9cb749562""]","[""电势差是两点电势的差值""]",[0.81],,,电势差是两点电势的差值,incorrect,prepared,chinese_candidate_boundary,CHINESE_CANDIDATE_BOUNDARY_DEFECT,"[""definition_predicate_or_explanation_in_candidate"",""evidence_retrieval_can_succeed_for_wrong_boundary_candidate""]",True
physics-25,867870db9e514ed0be7c3dbb46365e38,capacitance,电容,[],chinese-electricity,True,True,True,"[""efd628e1-8330-4f77-bba6-48fcc1157cbd""]",1,"[""5a65ddec6f0ed7ceefca2073""]","[""316e66bb-29a8-42d1-a4d5-1a6c541e2291""]","[""efd628e1-8330-4f77-bba6-48fcc1157cbd""]","[""电容是单位电势差下储存的电荷量""]",[0.81],,,电容是单位电势差下储存的电荷量,incorrect,prepared,chinese_candidate_boundary,CHINESE_CANDIDATE_BOUNDARY_DEFECT,"[""definition_predicate_or_explanation_in_candidate"",""evidence_retrieval_can_succeed_for_wrong_boundary_candidate""]",True
