concept_id,english_binding,retrieval_eligible,identification_eligible,pairing_eligible,gold_chunk_rank,candidate_pool_size,candidate_summaries,exact_candidate_rank,pair_summaries,correct_pair_rank,semantic_score,final_score,score_margin,primary_attribution
cx-7f01,matched,True,True,True,1,7,位移|路程只|速度|冲量|动量|功|功率,1,速度:0.867541|位移:0.866614|路程只:0.858504|动量:0.812812|冲量:0.811656|功:0.805577|功率:0.804048,2,0.858134,0.8666139,-0.000927,BILINGUAL_SEMANTIC_PAIRING_MISS
cx-7f02,ambiguous,False,False,False,,0,,,,,,,,UPSTREAM_ENGLISH_BINDING_AMBIGUOUS
cx-7f03,ambiguous,False,False,False,,0,,,,,,,,UPSTREAM_ENGLISH_BINDING_AMBIGUOUS
cx-7f04,missing,False,False,False,,0,,,,,,,,UPSTREAM_ENGLISH_EXTRACTION_MISSING
cx-7f05,matched,True,True,True,1,6,冲量|动量|加速度|惯性|质量|重量,5,冲量:0.864886|动量:0.864668|惯性:0.835480|加速度:0.835385|质量:0.834588|重量:0.819034,5,0.85363239,0.83458753,-0.030299,BILINGUAL_SEMANTIC_PAIRING_MISS
cx-7f06,ambiguous,False,False,False,,0,,,,,,,,UPSTREAM_ENGLISH_BINDING_AMBIGUOUS
cx-7f07,ambiguous,False,False,False,,0,,,,,,,,UPSTREAM_ENGLISH_BINDING_AMBIGUOUS
cx-7f08,missing,False,False,False,,0,,,,,,,,UPSTREAM_ENGLISH_EXTRACTION_MISSING
cx-7f09,matched,True,True,True,1,7,动能|弹性势能|重力势能|冲量|动量|力|压强,1,动能:0.864428|弹性势能:0.861271|重力势能:0.860459|动量:0.833249|冲量:0.830155|力:0.829932|压强:0.824633,1,0.85556213,0.86442781,0.003157,EVIDENCE_QUALIFICATION_MISSING
cx-7f10,matched,True,True,True,1,7,动能|弹性势能|重力势能|冲量|动量|力|压强,3,动能:0.861818|弹性势能:0.859078|重力势能:0.858178|动量:0.827210|冲量:0.824171|力:0.823346|压强:0.818517,3,0.84820994,0.85817845,-0.00364,BILINGUAL_SEMANTIC_PAIRING_MISS
cx-7f11,matched,True,True,True,1,6,功|功率|力|压强|力矩|转动惯量,1,功率:0.874779|功:0.872735|力:0.846003|压强:0.841299|力矩:0.823124|转动惯量:0.820436,2,0.86533496,0.87273472,-0.002044,BILINGUAL_SEMANTIC_PAIRING_MISS
cx-7f12,matched,True,True,True,1,6,功|功率|力|压强|力矩|转动惯量,2,功率:0.876753|功:0.874411|力:0.846181|压强:0.841636|力矩:0.825221|转动惯量:0.822317,1,0.87006275,0.87675334,0.002342,EVIDENCE_QUALIFICATION_MISSING
cx-7f13,matched,True,True,True,2,7,力|压强|机械能|机械能守恒定律|动能|弹性势能|重力势能,3,力:0.859052|压强:0.850805|机械能:0.833057|机械能守恒定律:0.828866|动能:0.814001|重力势能:0.812169|弹性势能:0.810929,3,0.8518318,0.83305703,-0.025995,BILINGUAL_SEMANTIC_PAIRING_MISS
cx-7f14,matched,True,True,True,1,8,动量守恒定律|向心力|加速度|惯性|质量|动能|弹性势能|重力势能,1,动量守恒定律:0.852597|向心力:0.851385|惯性:0.830912|加速度:0.827155|质量:0.826503|动能:0.809814|重力势能:0.807512|弹性势能:0.805854,1,0.84164356,0.85259703,0.001212,EVIDENCE_QUALIFICATION_MISSING
cx-7f15,matched,True,True,True,2,7,动能|弹性势能|重力势能|机械能|机械能守恒定律|力|压强,5,动能:0.848941|重力势能:0.847231|弹性势能:0.846001|机械能:0.828220|机械能守恒定律:0.824870|力:0.815731|压强:0.807547,5,0.84220013,0.82487011,-0.024071,BILINGUAL_SEMANTIC_PAIRING_MISS
cx-7f16,missing,False,False,False,,0,,,,,,,,UPSTREAM_ENGLISH_EXTRACTION_MISSING
cx-7f17,matched,True,False,False,,7,加速度|惯性|质量|冲量|动量|向心加速度|角速度,,加速度:0.878344|惯性:0.877633|质量:0.876269|动量:0.842367|冲量:0.841240|角速度:0.839588|向心加速度:0.838902,,,,,UPSTREAM_CROSS_LANGUAGE_RETRIEVAL_MISS
cx-7f18,matched,True,True,True,1,7,向心加速度|角速度|加速度|惯性|质量|力矩|转动惯量,2,角速度:0.891422|向心加速度:0.888325|加速度:0.856308|惯性:0.855810|质量:0.851445|力矩:0.846086|转动惯量:0.846059,1,0.88731964,0.89142169,0.003097,EVIDENCE_QUALIFICATION_MISSING
cx-7f19,matched,True,False,False,,7,加速度|惯性|质量|动量守恒定律|向心力|力矩|转动惯量,,惯性:0.873871|加速度:0.871272|质量:0.870568|动量守恒定律:0.837803|向心力:0.837568|转动惯量:0.834609|力矩:0.833001,,,,,UPSTREAM_CROSS_LANGUAGE_RETRIEVAL_MISS
cx-7f20,matched,True,True,True,1,6,力矩|转动惯量|功|功率|冲量|动量,1,转动惯量:0.876025|力矩:0.875462|功:0.844024|功率:0.842607|动量:0.826895|冲量:0.826047,2,0.86854377,0.8754622,-0.000563,BILINGUAL_SEMANTIC_PAIRING_MISS
cx-7f21,matched,True,True,False,1,6,电势|电势差|电势能|力|压强|电容,,电势:0.873973|电势能:0.873462|电势差:0.873180|力:0.846225|压强:0.844262|电容:0.826825,,,,,UPSTREAM_CHINESE_TERM_IDENTIFICATION_MISSING
cx-7f22,matched,True,False,False,,7,功|功率|力|压强|电势|电势差|电势能,,功率:0.869593|功:0.867240|力:0.841435|压强:0.840045|电势:0.829770|电势能:0.829218|电势差:0.828920,,,,,UPSTREAM_CROSS_LANGUAGE_RETRIEVAL_MISS
cx-7f23,matched,True,True,True,1,6,电势|电势差|电势能|力|压强|电容,1,电势:0.877343|电势能:0.876747|电势差:0.876635|力:0.847010|压强:0.844960|电容:0.828401,1,0.87075684,0.87734331,0.000596,EVIDENCE_QUALIFICATION_MISSING
cx-7f24,matched,True,True,True,1,6,电势|电势差|电势能|电容|功|功率,2,电势能:0.871733|电势差:0.871257|电势:0.870820|电容:0.839694|功率:0.827079|功:0.825839,2,0.86359645,0.87125698,-0.000476,BILINGUAL_SEMANTIC_PAIRING_MISS
cx-7f25,matched,True,True,True,1,6,电容|电势|电势差|电势能|功|功率,1,电容:0.870045|电势能:0.841083|电势:0.840968|电势差:0.840816|功率:0.826105|功:0.825602,1,0.86217012,0.8700446,0.028962,EVIDENCE_QUALIFICATION_MISSING
