concept_id,readiness_decision,request_constructed,execution_status,parse_status,request_hash,response_hash,reason_code
cx-7f01,READY,True,SUCCEEDED,parsed,3fd7ac3ce6e392802aae77c2895c32ae7ed1066e5a25621fd0f54ed975063472,6e9f7f5cf604a574b981df36659f2278b76ff8aede77eb14b13867b9573d500b,
cx-7f02,NOT_READY,False,BLOCKED_BY_READINESS,not_run,,,PROVIDER_EXECUTION_NOT_READY
cx-7f03,NOT_READY,False,BLOCKED_BY_READINESS,not_run,,,PROVIDER_EXECUTION_NOT_READY
cx-7f04,NOT_READY,False,BLOCKED_BY_READINESS,not_run,,,PROVIDER_EXECUTION_NOT_READY
cx-7f05,REVIEW_REQUIRED,False,BLOCKED_BY_READINESS,not_run,,,PROVIDER_EXECUTION_REVIEW_REQUIRED
cx-7f06,NOT_READY,False,BLOCKED_BY_READINESS,not_run,,,PROVIDER_EXECUTION_NOT_READY
cx-7f07,NOT_READY,False,BLOCKED_BY_READINESS,not_run,,,PROVIDER_EXECUTION_NOT_READY
cx-7f08,NOT_READY,False,BLOCKED_BY_READINESS,not_run,,,PROVIDER_EXECUTION_NOT_READY
cx-7f09,REVIEW_REQUIRED,False,BLOCKED_BY_READINESS,not_run,,,PROVIDER_EXECUTION_REVIEW_REQUIRED
cx-7f10,REVIEW_REQUIRED,False,BLOCKED_BY_READINESS,not_run,,,PROVIDER_EXECUTION_REVIEW_REQUIRED
cx-7f11,REVIEW_REQUIRED,False,BLOCKED_BY_READINESS,not_run,,,PROVIDER_EXECUTION_REVIEW_REQUIRED
cx-7f12,REVIEW_REQUIRED,False,BLOCKED_BY_READINESS,not_run,,,PROVIDER_EXECUTION_REVIEW_REQUIRED
cx-7f13,READY,True,SUCCEEDED,parsed,c23b39008eda0aeec11b078eb6ebd75644de2e6b2f520ff5cdc898dfba633585,d0952540b1c34fb215a3042e78b9b78b358a0d0d1a69f68218a135b2cf317f1b,
cx-7f14,REVIEW_REQUIRED,False,BLOCKED_BY_READINESS,not_run,,,PROVIDER_EXECUTION_REVIEW_REQUIRED
cx-7f15,REVIEW_REQUIRED,False,BLOCKED_BY_READINESS,not_run,,,PROVIDER_EXECUTION_REVIEW_REQUIRED
cx-7f16,NOT_READY,False,BLOCKED_BY_READINESS,not_run,,,PROVIDER_EXECUTION_NOT_READY
cx-7f17,REVIEW_REQUIRED,False,BLOCKED_BY_READINESS,not_run,,,PROVIDER_EXECUTION_REVIEW_REQUIRED
cx-7f18,READY,True,SUCCEEDED,parsed,1cd569d544a9fb39195438eb7e1f7bf0e5270091e007c39b71e136b519b60971,c57d5c80f7da367c8c57f5d6dd2967c32f41874033a8026a36af00cbd843a9da,
cx-7f19,REVIEW_REQUIRED,False,BLOCKED_BY_READINESS,not_run,,,PROVIDER_EXECUTION_REVIEW_REQUIRED
cx-7f20,REVIEW_REQUIRED,False,BLOCKED_BY_READINESS,not_run,,,PROVIDER_EXECUTION_REVIEW_REQUIRED
cx-7f21,REVIEW_REQUIRED,False,BLOCKED_BY_READINESS,not_run,,,PROVIDER_EXECUTION_REVIEW_REQUIRED
cx-7f22,REVIEW_REQUIRED,False,BLOCKED_BY_READINESS,not_run,,,PROVIDER_EXECUTION_REVIEW_REQUIRED
cx-7f23,REVIEW_REQUIRED,False,BLOCKED_BY_READINESS,not_run,,,PROVIDER_EXECUTION_REVIEW_REQUIRED
cx-7f24,REVIEW_REQUIRED,False,BLOCKED_BY_READINESS,not_run,,,PROVIDER_EXECUTION_REVIEW_REQUIRED
cx-7f25,REVIEW_REQUIRED,False,BLOCKED_BY_READINESS,not_run,,,PROVIDER_EXECUTION_REVIEW_REQUIRED
